7869-ZYDST,0.2971047339584297,0
0516-OOHAR,0.23779206247667162,0
6029-CSMJE,0.37404276148807336,0
0895-UADGO,0.11214933729168154,0
9831-BPFRI,0.14879595500395137,0
6440-DKQGE,0.09526853883670647,0
7876-AEHIG,0.02203951343359548,0
8327-LZKAS,0.328339134359463,0
4955-VCWBI,0.006304247480245108,0
3679-XASPY,0.21026127004094458,0
5049-GLYVG,0.18906969471470508,0
7136-IHZJA,0.07178377097278142,0
2831-EBWRN,0.6178711764103634,1
7811-JIVPF,0.20183701002310733,0
2024-BASKD,0.6151504638425267,1
3606-SBKRY,0.23058932634235382,0
7493-GVFIO,0.0029137951061397657,0
7813-TKCVO,0.035629841097267856,0
1222-LRYKO,0.10919296906366557,0
4526-ZJJTM,0.459398324872818,0
6862-CQUMB,0.49089845271332455,0
0876-WDUUZ,0.5466902878207904,1
3677-TNKIO,0.5417798836958495,1
7100-FQPRV,0.03936236854359636,0
4177-JPDFU,0.2651480148445802,0
2621-UDNLU,0.17065570821486084,0
4737-AQCPU,0.004401816540750792,0
8400-WZICQ,0.0428375442170153,0
6980-CDGFC,0.0033792369444377254,0
3420-YJLQT,0.6236081200367121,1
7909-FIOIY,0.2810435002328661,0
2309-OSFEU,0.4954046861399491,0
3050-GBUSH,0.6544805938086972,1
5995-LFTLE,0.004276913702552425,0
6040-CGACY,0.08820194786698811,0
6683-VLCTZ,0.6916433128835318,1
6837-BJYDQ,0.09948297970906535,0
9143-CANJF,0.1089323388266788,0
3803-KMQFW,0.14924006989650707,0
4184-VODJZ,0.1443687139134789,0
6918-UMQCG,0.6615245468894997,1
1963-VAUKV,0.18942770822473912,0
0842-IWYCP,0.09491244961516669,0
3308-DGHKL,0.002274466733274023,0
4918-FYJNT,0.20513607036287834,0
0096-FCPUF,0.1740721288504437,0
9885-MFVSU,0.039380497219339144,0
0621-HJWXJ,0.19023187962253219,0
6131-IUNXN,0.05307643497393285,0
8752-STIVR,0.7557365294406092,1
3022-BEXHZ,0.10043093821916954,0
2074-GKOWZ,0.6805576425634404,1
5889-JTMUL,0.4948709372274423,0
4891-NLUBA,0.025327552818820816,0
2277-BKJKN,0.21325575178181996,0
6152-ONASV,0.0095487531950426,0
4549-ZDQYY,0.015687722216067932,0
8883-GRDWQ,0.08650805326995753,0
9465-RWMXL,0.42183255319471913,0
2923-ARZLG,0.1313978771240875,0
5281-BUZGT,0.46824228700442483,0
5762-TJXGK,0.043418795361851205,0
2880-FPNAE,0.7597980966978265,1
1776-SPBWV,0.02073911843280921,0
6370-ZVHDV,0.002651189675397312,0
3197-NNYNB,0.09493238919499565,0
0577-WHMEV,0.3433248711961262,0
4871-JTKJF,0.7960003463205204,1
2858-MOFSQ,0.15756131325869333,0
5197-PYEPU,0.14415415329447834,0
2656-TABEH,0.7508163399419591,1
4636-OLWOE,0.03613993107598271,0
2990-OGYTD,0.029415441083388966,0
9494-MRNYX,0.563066328837357,1
5201-FRKKS,0.2803346146100604,0
9696-RMYBA,0.6646383866699266,1
4806-DXQCE,0.11778576478343589,0
1110-KYLGQ,0.17096658503203624,0
3627-FCRDW,0.5797391442629677,1
2672-DZUOY,0.704493745407426,1
8981-FJGLA,0.44561116204145546,0
3594-IVHJZ,0.24847914129221754,0
2495-TTHBQ,0.10437386520819378,0
7554-NEWDD,0.05607512539125772,0
7621-VPNET,0.22843030425363933,0
3753-TSEMP,0.6162857168518474,1
5474-LAMUQ,0.028723211948636605,0
8198-RKSZG,0.24308574828601331,0
9732-KPKBW,0.42256459628842763,0
7305-ZWMAJ,0.020808319425733187,0
0975-VOOVL,0.479190678609917,0
1442-OKRJE,0.11796487757026941,0
5095-ETBRJ,0.010043003884515627,0
6615-NGGZJ,0.6988491381562808,1
8053-WWDRO,0.17559945339771799,0
2236-HILPA,0.0014949372661794583,0
6546-OPBBH,0.006099817202747645,0
4504-YOULA,0.11241901533211505,0
6595-YGXIT,0.6810884980790194,1
9498-FIMXL,0.10852736080075098,0
3910-MRQOY,0.001239643779322652,0
3717-OFRTN,0.22376759765936136,0
1557-EMYVT,0.08022804232600426,0
6184-DYUOB,0.23802844389914515,0
9878-TNQGW,0.7381078512586677,1
6598-KELSS,0.04121407305340849,0
1960-UOTYM,0.03333368147564954,0
1208-DNHLN,0.14716524615804769,0
8917-FAEMR,0.009220611171864101,0
0060-FUALY,0.2690573122609741,0
8550-XSXUQ,0.08407619444174239,0
7408-OFWXJ,0.011359970745131506,0
3410-MHHUM,0.16078897488438856,0
9092-GDZKO,0.08960798770788994,0
9821-BESNZ,0.19378106223392738,0
8405-IGQFX,0.10567733707624828,0
1930-BZLHI,0.04987325167009959,0
0885-HMGPY,0.009644142233150344,0
1213-NGCUN,0.434292526011141,0
3704-IEAXF,0.0085608168026694,0
8401-EMUWF,0.1366804733727714,0
7993-NQLJE,0.25160298876410225,0
4193-IBKSW,0.0009954331499706867,0
6128-DAFVY,0.11492457500154088,0
0969-RGKCU,0.010000403157307053,0
2259-OUUSZ,0.26250143069336407,0
9809-IMGCQ,0.7137342923751742,1
2691-NZETQ,0.711713565380319,1
3902-FOIGH,0.7684762798624915,1
5348-CAGXB,0.6555763389276793,1
1559-DTODC,0.39185542554949715,0
9250-WYPLL,0.607230583304462,1
7903-CMPEY,0.6846653151075336,1
9802-CAQUT,0.04884576203992819,0
0793-TWELN,0.588217313463661,1
6568-POCUI,0.15823491939574674,0
0867-LDTTC,0.37530283955302346,0
6502-KUGLL,0.13493328071867583,0
2599-CIPQE,0.03469955357245347,0
5317-FLPJF,0.017916784648938703,0
1535-VTJOQ,0.02168178391923975,0
7270-BDIOA,0.5255090974101976,1
0334-ZFJSR,0.023937895523728457,0
5696-QURRL,0.5577985969219244,1
2676-ISHSF,0.18960690969305657,0
1767-TGTKO,0.5023161371448628,1
2195-ZRVAX,0.35975268775186137,0
1307-TVUFB,0.4076840305331596,0
5673-FSSMF,0.6484794375694892,1
1169-SAOCL,0.22787934937919377,0
1218-VKFPE,0.08125657659585499,0
8595-SIZNC,0.05133895315365899,0
2882-DDZPG,0.12494905163393631,0
5732-IKGQH,0.1752770396064864,0
9314-IJWSQ,0.6158226183498284,1
1345-GKDZZ,0.11477120696747484,0
0839-JTCUD,0.013499194125247263,0
3315-TOTBP,0.511602147789201,1
7239-HZZCX,0.1905948390641406,0
0572-ZJKLT,0.035494445229105664,0
9600-UDOPK,0.526277643125846,1
7730-IUTDZ,0.2565222987980512,0
4283-FUTGF,0.6163627578259658,1
1400-WIVLL,0.10789485886710716,0
3137-NYQQI,0.12255518439843337,0
7619-ODSGN,0.15381447261024456,0
1162-ECVII,0.14820287852896316,0
0114-RSRRW,0.19549508712746458,0
0442-ZXKVS,0.20524321500144155,0
6765-MBQNU,0.024909211533271313,0
7874-ECPQJ,0.21239668457044986,0
3771-PZOBW,0.5232212658416933,1
0570-BFQHT,0.5262093161015778,1
1496-GGSUK,0.6842202972300598,1
9544-PYPSJ,0.24530975362134574,0
3211-ILJTT,0.5523148945912291,1
7206-PQBBZ,0.7286823932367241,1
9300-AGZNL,0.8226231680627187,1
3049-SOLAY,0.760042563149428,1
6646-VRFOL,0.5224417162617941,1
0872-CASZJ,0.024201461123992744,0
4536-PLEQY,0.5888883926803741,1
8752-GHJFU,0.07635035200084331,0
5144-TVGLP,0.5262767084707668,1
0835-JKADZ,0.14402216851708105,0
3365-SAIGS,0.6537300568793699,1
4983-CLMLV,0.2919695616668863,0
2786-GCDPI,0.4413144010884579,0
2133-TSRRM,0.3408207889939781,0
9079-LWTFD,0.13766831275107236,0
6578-KRMAW,0.3019173418729983,0
5997-OPVFA,0.02248055571063553,0
4804-NCPET,0.021081840070895582,0
6563-VNPMN,0.21279998316625093,0
5701-ZIKJE,0.3044644978482811,0
3174-AKMAS,0.0571695031981771,0
2581-VKIRT,0.009772572356129954,0
9026-RNUJS,0.5401787494545043,1
0599-XNYDO,0.5382920616318642,1
7979-CORPM,0.5447512552754171,1
5442-BXVND,0.0283193213474837,0
4029-HPFVY,0.6363361863693144,1
9194-GFVOI,0.03406191245174465,0
1452-VOQCH,0.7276329669202547,1
1904-WAJAA,0.059121545249528014,0
6339-YPSAH,0.6452140256917671,1
4476-OSWTN,0.11372341710802517,0
2811-POVEX,0.5198182512111555,1
3842-IYKUE,0.20468747954624836,0
2276-YDAVZ,0.6492891306775306,1
4853-RULSV,0.0656685764378804,0
5774-QPLTF,0.0060064825912111075,0
5242-UOWHD,0.004132588963155417,0
7404-JLKQG,0.5432726878686033,1
2568-OIADY,0.5381089521091253,1
0222-CNVPT,0.12477978561457849,0
5318-YKDPV,0.03797268471586134,0
6615-ZGEDR,0.19068484568445554,0
9281-PKKZE,0.22259067018320622,0
3806-DXQOM,0.5401600823609874,1
3125-RAHBV,0.03495599034240399,0
8631-WUXGY,0.3843102439558774,0
5522-NYKPB,0.3395945709230889,0
4282-ACRXS,0.2540974912772847,0
3058-HJCUY,0.2205341048632383,0
6242-MBHPK,0.6257300391714391,1
8878-HMWBV,0.5949658767134827,1
0967-BMLBD,0.0688883002724877,0
9743-DQKQW,0.5838937189234008,1
6145-NNPNO,0.5086873733864127,1
0562-HKHML,0.0009039942627051551,0
1732-VHUBQ,0.20295172280253265,0
9586-JGQKH,0.1354469297060247,0
0280-XJGEX,0.41403586574737944,0
5566-SOEZD,0.16263954329963673,0
7089-XXAYG,0.2058344944398313,0
9601-BRXPO,0.4524235113029343,0
0733-VUNUW,0.23275218237789716,0
6954-OOYZZ,0.3878443674148888,0
6127-IYJOZ,0.6313820952744088,1
6898-RBTLU,0.03873905217542351,0
9373-WSLOY,0.30859559472301573,0
2027-OAQQC,0.2014181284583754,0
7402-PWYJJ,0.16841910876690516,0
0872-NXJYS,0.6909024512601085,1
5371-VYLSX,0.2888780339252475,0
2659-VXMWZ,0.1459514625438152,0
8361-LBRDI,0.002806246546937281,0
5712-VBOXD,0.24114470561884518,0
4415-WNGVR,0.2739960319751222,0
8819-WFGGJ,0.020438840642351373,0
7115-IRDHS,0.001363726579979846,0
1353-GHZOS,0.19218362179107132,0
6734-PSBAW,0.0019789986190466066,0
8445-DNBAE,0.5727787045378747,1
1374-DMZUI,0.8128618311361728,1
9227-UAQFT,0.033020677408168046,0
0260-ZDLGK,0.3254951536094964,0
3642-GKTCT,0.10820572231166815,0
9818-XQCUV,0.18028020718240714,0
4821-WQOYN,0.0011488202059841805,0
7089-RKVSZ,0.054974360557323076,0
4697-LUPSU,0.08055374412080685,0
2853-CWQFQ,0.3885943731149303,0
0748-RDGGM,0.09625880297176485,0
2373-NTKOD,0.6371219997343934,1
4550-EVXNY,0.6816010088092899,1
9490-DFPMD,0.5349623348258875,1
0114-IGABW,0.013651009555097569,0
3301-LSLWQ,0.252079773851351,0
8410-BGQXN,0.16432774174811093,0
5092-STPKP,0.10759190385648058,0
4198-VFOEA,0.1512546959690475,0
4872-VXRIL,0.027772972099050292,0
8949-JTMAY,0.5099882643897864,1
3724-UCSHY,0.11449499767240388,0
0506-LVNGN,0.6686079064991114,1
4566-QVRRW,0.5314760909207622,1
3085-QUOZK,0.45878885419979026,0
6844-DZKRF,0.45877322022894707,0
4508-OEBEY,0.07417127743063813,0
3537-HPKQT,0.21544807032023044,0
2284-VFLKH,0.18266329480136934,0
3887-PBQAO,0.010081034680339168,0
1569-TTNYJ,0.6962614587258297,1
3030-ZKIWL,0.19005548143086906,0
2405-LBMUW,0.015356258802521295,0
5956-YHHRX,0.7093446442071223,1
0999-QXNSA,0.48936278688454427,0
0595-ITUDF,0.13452945468636218,0
3877-JRJIP,0.6832766745059251,1
8993-PHFWD,0.5810238674182651,1
7614-QVWQL,0.08263998921832874,0
7538-GWHML,0.6453769775015911,1
2826-UWHIS,0.24278356687413621,0
0336-PIKEI,0.013814897577517162,0
1591-XWLGB,0.00112219727244251,0
0862-PRCBS,0.08269238127394599,0
1273-MTETI,0.7483965918094084,1
5171-EPLKN,0.017911019881877682,0
8080-POTJR,0.1381017943690297,0
7503-ZGUZJ,0.683900857901667,1
0679-IDSTG,0.7466940194055531,1
8063-GBATB,0.6175596342738008,1
5018-LXQQG,0.08029543966955556,0
0822-QGCXA,0.31652015895762864,0
2446-BEGGB,0.796167651584872,1
4143-HHPMK,0.3396227985901501,0
7776-QGYJC,0.19547917214053898,0
7074-STDCN,0.16375046500084897,0
1618-CFHME,0.7175424994980434,1
6067-NGCEU,0.2327482970579641,0
1022-RKXDR,0.014652138488461117,0
4589-IUAJB,0.0015080205306602504,0
7285-KLOTR,0.20674503668412472,0
4676-MQUEA,0.22795237099197202,0
4869-EPIUS,0.18930228035520363,0
5788-YPOEG,0.0302882634145358,0
5699-BNCAS,0.0023998451967796332,0
2452-MRMZF,0.002615345350742372,0
2091-GPPIQ,0.03210736186514627,0
8388-FYNPZ,0.35049541777228427,0
7823-JSOAG,0.6227382217480327,1
0495-ZBNGW,0.680910152487696,1
2680-XKKNJ,0.13018290590011825,0
1852-XEMDW,0.13562035430058797,0
2592-HODOV,0.060307585422335205,0
0336-KXKFK,0.011441301880708958,0
7831-QGOXH,0.6516600830212007,1
7825-ECJRF,0.41744532692784614,0
6234-RAAPL,0.030366137450621326,0
7021-XSNYE,0.07512839212084252,0
7147-AYBAA,0.3064664236175359,0
6910-HADCM,0.6089025484148191,1
1302-UHBDD,0.6281412315900325,1
3404-JNXAX,0.18466668634728792,0
6725-TPKJO,0.005692792503649523,0
4572-DVCGN,0.6408557315374238,1
3439-GVUSX,0.5157110953058994,1
9451-LPGOO,0.6928592587349799,1
5120-ZBLAI,0.08343626728558039,0
9221-OTIVJ,0.7398312993182183,1
3261-CQXOL,0.0010842996461513346,0
8513-OLYGY,0.05066592187073821,0
4143-OOBWZ,0.6901018770921253,1
0916-QOFDP,0.7054562824493952,1
9030-QGZNL,0.053998814051077274,0
5847-MXBEO,0.032140093127498374,0
2178-PMGCJ,0.4457402183089779,0
2528-HFYZX,0.6651472844566438,1
7240-ETPTR,0.6311967207055085,1
7410-OIEDU,0.4188382330712579,0
9079-YEXQJ,0.2834656756682234,0
1644-IRKSF,0.3303169743270142,0
5073-RZGBK,0.0331918750514467,0
1131-SUEKT,0.139689754581687,0
4280-DLSHD,0.42590432623167807,0
2122-SZZZD,0.008635648358904981,0
1357-MVDOZ,0.4340280565265717,0
9537-VHDTA,0.2695653362378438,0
7665-VIGUD,0.06478526567111911,0
7399-QHBJS,0.00466183195781853,0
0390-DCFDQ,0.7206642398091093,1
2580-ATZSQ,0.010963723807061187,0
9420-LOJKX,0.5039426143545511,1
6968-GMKPR,0.264277387046622,0
5567-WSELE,0.8129206617973924,1
3685-YLCMQ,0.21600654820662785,0
5562-YJQGT,0.1933129770210063,0
0868-VJRDR,0.07577983583232663,0
4077-HWUYD,0.019084730845765587,0
6732-FZUGP,0.11045903810111068,0
4472-VESGY,0.12107859168591756,0
3950-VPYJB,0.01056437899717536,0
5751-USDBL,0.021006476754274892,0
8128-YVJRG,0.46870279215324134,0
5708-EVONK,0.16419268068786302,0
6394-HHHZM,0.16993490258695937,0
9305-CDSKC,0.7046746313613002,1
2193-SFWQW,0.0391651843201379,0
6035-BXTTY,0.1744628496236705,0
8791-GFXLZ,0.46641353903628496,0
8380-MQINP,0.002140258991321353,0
9362-MWODR,0.08048706567524601,0
1010-DIAUQ,0.5887020164273384,1
8314-DPQHL,0.11164491582649294,0
8123-QBNAZ,0.2824616483994207,0
5649-VUKMC,0.3365116573799315,0
9787-XVQIU,0.7271702915233639,1
4692-NNQRU,0.21825206286150645,0
1333-PBMXB,0.006303274222668039,0
8763-KIAFH,0.026668832984597268,0
6171-ZTVYB,0.05933498965702155,0
5906-BFOZT,0.2625130305182413,0
1585-MQSSU,0.19742608791745805,0
0489-WMEMG,0.14005200941013357,0
2729-VNVAP,0.009506614934937298,0
4822-NGOCH,0.5910311713741154,1
1320-HTRDR,0.7111204561383315,1
3757-NJYBX,0.5116215550172908,1
1212-GLHMD,0.5174611360301057,1
0963-ZBDRN,0.5036468118619296,1
3005-NFMTA,0.4250259302085575,0
7901-IIDQV,0.09803841230296878,0
0956-SYCWG,0.07989744716515904,0
3259-KNMRR,0.09379852982498987,0
4257-GAESD,0.5312382080784867,1
3845-JHAMY,0.3658427348984719,0
9950-MTGYX,0.018906190533639695,0
0234-TEVTT,0.020981224706953974,0
1561-BWHIN,0.02856150242697207,0
3967-KXAPS,0.016119071445563283,0
5743-KHMNA,0.0014990916368546165,0
7103-ZGVNT,0.010595927577963174,0
5181-OABFK,0.01594330537138622,0
4194-WHFCB,0.16911891008712107,0
9629-NHXFW,0.21133922862480523,0
7929-DMBCV,0.3510124507036969,0
1073-XXCZD,0.0038770784137937106,0
5414-OFQCB,0.10033722115607047,0
9770-KXGQU,0.09069444055617981,0
9531-NSBMR,0.023965394498275054,0
3981-QSVQI,0.21853402322413648,0
7721-JXEAW,0.0802762145131762,0
6713-OKOMC,0.27082030142242947,0
2257-BOVXD,0.3722487370214065,0
9931-KGHOA,0.06336310138711154,0
3137-LUPIX,0.44984436346377593,0
0887-WBJVH,0.2116086283909744,0
6689-TCZHQ,0.6994594099940284,1
9659-ZTWSM,0.20200325947094283,0
8212-CRQXP,0.5388673242461627,1
3370-HXOPH,0.6226769107994874,1
6834-NXDCA,0.534202579584914,1
4831-EOBFE,0.25163189788747203,0
4056-QHXHZ,0.026889315108297354,0
2858-EIMXH,0.2909115710664719,0
0928-XUTSN,0.6542221302254447,1
4781-ZXYGU,0.24539671248388595,0
0637-KVDLV,0.7179138223962765,1
3682-YEUWS,0.1273554462350262,0
8914-RBTSB,0.44218912762075335,0
3472-QPRCH,0.006366245418224656,0
4248-QPAVC,0.47147844092539004,0
7310-EGVHZ,0.2228570135227257,0
4023-RTIQM,0.12738591727872417,0
2656-FMOKZ,0.5957004873561755,1
4950-BDEUX,0.23494352112116537,0
2272-UOINI,0.420001494098335,0
4683-WYDOU,0.13992984092403402,0
2507-QZPQS,0.43688200393428134,0
2181-UAESM,0.3798105237538495,0
7901-TBKJX,0.4832081984152997,0
1899-VXWXM,0.26410535519002165,0
6549-YMFAW,0.225080786790567,0
2824-MYYBN,0.4552458315236873,0
6513-EECDB,0.7885122886707903,1
0519-DRGTI,0.05080199715893228,0
2466-NEJOJ,0.11103586743010417,0
6734-FQAJX,0.13780454315097504,0
5338-YHWYT,0.019638836068437568,0
9526-JAWYF,0.4639839836962116,0
1142-IHLOO,0.16420514427163793,0
8707-RMEZH,0.06809875040837861,0
8207-DMRVL,0.043054961914524736,0
7964-YESJC,0.12446803882435004,0
0685-MLYYM,0.712038142079895,1
7073-QETQY,0.00341854291460225,0
0708-SJDIS,0.12943644447034783,0
1599-MMYRQ,0.05281161605238469,0
6680-NENYN,0.30833816958763427,0
9828-QHFBK,0.269785062091437,0
8999-BOHSE,0.6675867227455294,1
7024-OHCCK,0.8175032757424531,1
3552-CTCYF,0.13187398450683901,0
8075-GXIUB,0.10145185398894081,0
3733-UOCWF,0.12517924471914021,0
6559-PDZLR,0.5001026146013844,1
3428-MMGUB,0.1394580045824202,0
7465-ZZRVX,0.7384761178742568,1
6485-QXWWE,0.0019135378260763073,0
5998-VVEJY,0.4170449301045714,0
3407-QGWLG,0.19086026277964768,0
4903-UYAVB,0.1566470278239114,0
4054-CUMIA,0.08400269001463735,0
7139-JZFVG,0.010576697256757953,0
9052-VKDUW,0.31001294341843977,0
6519-ZHPXP,0.051458085368159,0
7322-OCWHC,0.045806325982179395,0
6198-RTPMF,0.589919184148788,1
0661-KBKPA,0.04386368121298277,0
8224-IVVPA,0.18484898093665766,0
8474-UMLNT,0.19467681431930062,0
3889-VWBID,0.014589673329921143,0
9046-JBFWA,0.032914913635906984,0
4742-TXUEX,0.004344216373638213,0
1024-GUALD,0.7053431170007977,1
4709-LKHYG,0.022675772217757927,0
8630-QSGXK,0.06683110493376501,0
5442-BHQNG,0.6427824601998023,1
3178-CIFOT,0.04889777523504693,0
2282-YGNOR,0.0439329566193609,0
1480-BKXGA,0.11287938660977812,0
0613-WUXUM,0.001272715317279313,0
6854-EXGSF,0.34796849820694703,0
4419-UJMUS,0.09770737188334955,0
6060-QBMGV,0.0012389479470145607,0
6987-XQSJT,0.3631072092542531,0
2495-INZWQ,0.719420890755091,1
5003-OKNNK,0.040936585647910466,0
2208-NQBCT,0.2474063132536547,0
4505-EXZHB,0.6425336825937776,1
1455-HFBXA,0.04694306126393239,0
0436-TWFFZ,0.02096747102918639,0
7975-JMZNT,0.020617008104541677,0
2740-JFBOK,0.2238677918986229,0
4971-PUYQO,0.5400024638325069,1
8699-ASUFO,0.6634981585748545,1
1173-XZPYF,0.6695365717228173,1
0208-BPQEJ,0.09579264829212343,0
6527-PZFPV,0.034085819135711036,0
1465-LNTLJ,0.4503265659278749,0
6791-YBNAK,0.23534181958281888,0
6393-WRYZE,0.5609922311788782,1
6036-TTFYU,0.08303426481201659,0
4742-DRORA,0.0965897454247688,0
4817-KEQSP,0.0009199708880803582,0
3966-HRMZA,0.5703666005429687,1
2865-TCHJW,0.7731711267794382,1
2369-UAPKZ,0.527659527462129,1
5298-GSTLM,0.21974314251287944,0
7839-NUIAA,0.033820930770023225,0
3345-PBBFH,0.5142290655603085,1
2924-KHUVI,0.1989190267703224,0
2245-ADZFJ,0.06966100938902058,0
2428-HYUNX,0.012904920107514652,0
0620-XEFWH,0.1290732724995305,0
4735-ASGMA,0.5931010395301708,1
3066-RRJIO,0.6543782871749182,1
7969-FFOWG,0.001146381800857037,0
4195-PNGZS,0.0012140293096234087,0
7072-MBHEV,0.5479876412304702,1
2205-YMZZJ,0.7809181188630012,1
9524-EGPJC,0.5147007323455136,1
3082-YVEKW,0.0661878461362491,0
9101-NTIXF,0.1823684448031111,0
8740-XLHDR,0.29056601725444414,0
4829-AUOAX,0.3413680715457688,0
8566-YPRGL,0.2625130305182413,0
5117-IFGPS,0.5933844647003061,1
2692-AQCPF,0.15394285711781905,0
0754-EEBDC,0.052921755097181625,0
1934-MKPXS,0.012959950705591321,0
0742-LAFQK,0.08622349535381102,0
0811-GSDTP,0.36072935076874507,0
9898-KZQDZ,0.4419418655717444,0
9691-HKOVS,0.06594755008345074,0
6345-ULYRW,0.18983586606101163,0
5271-YNWVR,0.08363721414438252,0
4701-MLJPN,0.20033731470396196,0
3280-NMUVX,0.01246636973158799,0
4925-LMHOK,0.31015969404169297,0
5685-IIXLY,0.653328894765297,1
6818-DJXAA,0.5189013173321323,1
1602-IJQQE,0.6166270478090675,1
8760-ZRHKE,0.02737916790449401,0
0412-UCCNP,0.01958792622762086,0
4827-DPADN,0.016112472765569895,0
6479-OAUSD,0.028972036189600106,0
3911-RSNHI,0.019053646642753663,0
8788-DOXSU,0.05285118224460837,0
4182-BGSIQ,0.15529461998450275,0
3099-OONVS,0.10196411579486162,0
8919-FYFQZ,0.20312241262575148,0
3512-IZIKN,0.006349084894475031,0
6745-JEFZB,0.35702623270159234,0
9372-TXXPS,0.009812298252633378,0
8166-ZZTFS,0.07296992645234734,0
7814-LEEVE,0.30153997691985074,0
5574-NXZIU,0.05712324054654589,0
3927-NLNRY,0.24549432828993262,0
2737-WFVYW,0.7382935396840384,1
5766-XQXMQ,0.19987768073198292,0
2842-BCQGE,0.28181729780816245,0
3721-CNZHX,0.04890072812253955,0
3982-DQLUS,0.1735326943122419,0
9163-GHAYE,0.3795811163946005,0
5325-UWTWJ,0.23614047270468036,0
7240-FQLHE,0.5140311106908462,1
6855-VLGOS,0.0010914314537244934,0
2266-FUBDZ,0.02694378389683547,0
5339-PXDVH,0.5366054325058384,1
8627-ZYGSZ,0.2086327889900304,0
6032-KRXXO,0.6015684249231179,1
4501-UYKBC,0.08362602906811907,0
4547-KQRTM,0.6095650258713436,1
7375-WMVMT,0.07557312064976968,0
2017-CCBLH,0.054037119945551396,0
1534-OULXE,0.017961401569579104,0
0585-EGDDA,0.3665651069137202,0
1156-ZFYDO,0.2608104292502357,0
5249-QYHEX,0.00886442777784157,0
2180-DXNEG,0.676226868633051,1
7251-LJBQN,0.2832141375633084,0
6289-CPNLD,0.0917300503048467,0
9992-RRAMN,0.5828264633905206,1
7293-LSCDV,0.0025087356361633267,0
9955-QOPOY,0.02979923122676822,0
5542-NKVRU,0.011977077403468619,0
4598-XLKNJ,0.6870253256339701,1
5840-NVDCG,0.059581655894003084,0
6010-DDPPW,0.001653982335955099,0
1139-WUOAH,0.021152317761224743,0
3778-FOAQW,0.027698145568959477,0
7248-VZQLC,0.34814464610430845,0
3957-HHLMR,0.012720689180061844,0
4797-AXPXK,0.3441757461710546,0
6000-UKLWI,0.0069302593330482646,0
8559-CIZFV,0.062026694554995196,0
7249-WBIYX,0.7013744088400886,1
9207-ZPANB,0.0428879951745573,0
7956-XQWGU,0.0669734571784167,0
5663-QBGIS,0.11906043889842219,0
9029-FEGVJ,0.3183722008254269,0
0264-CNITK,0.0009452784400628449,0
4132-POCZS,0.08306998363999993,0
0378-XSZPU,0.018861872056699817,0
1689-MRZQR,0.33755129512083587,0
8404-VIOMB,0.017602925300898156,0
3130-ICDUP,0.3603591659127192,0
5087-SUURX,0.48825726117455237,0
3181-MIZBN,0.09238620370148984,0
7284-BUYEC,0.628656365839932,1
7272-QDCKA,0.35125358562336484,0
5485-ITNPC,0.026350898711547003,0
4191-XOVOM,0.2556837628585392,0
1716-LSAMB,0.014699911420933225,0
7460-ITWWP,0.44709316913453795,0
7547-EKNFS,0.40172138359631887,0
3384-CTMSF,0.5108837234552313,1
5481-NTDOH,0.16606388520716717,0
6907-CQGPN,0.16871199015049593,0
0141-YEAYS,0.5182630721570578,1
4291-TPNFG,0.015889405952763672,0
8079-XRJRS,0.05962305559012864,0
0121-SNYRK,0.01980853991404404,0
9681-OXGVC,0.7176096651158403,1
1843-TLSGD,0.0304252981831184,0
7361-YPXFS,0.18578184814279103,0
9189-JWSHV,0.7092790779588413,1
3115-CZMZD,0.06707191669588426,0
6946-LMSQS,0.36193647351745356,0
0825-CPPQH,0.0011285984490951564,0
2480-JZOSN,0.259923840429475,0
7901-HXJVA,0.496710703018031,0
6727-IOTLZ,0.1179046799945195,0
6762-NSODU,0.00431270139349663,0
0701-TJSEF,0.27147278339302133,0
0689-NKYLF,0.6606279703681361,1
0496-AHOOK,0.09620996268162212,0
6402-SSEJG,0.1492740769006771,0
3473-XIIIT,0.6811342684887142,1
1545-ACTAS,0.16029450888742852,0
6821-BUXUX,0.5663285944373927,1
3097-NQYSN,0.7352280336173579,1
9317-WZPGV,0.7610215362702073,1
1902-XBTFB,0.5297688314029058,1
8715-KKTFG,0.17482925837296812,0
4672-FOTSD,0.2922873811612442,0
2359-KLTEK,0.37043068248008915,0
4488-PSYCG,0.09964297336302287,0
2642-DTVCO,0.7434216613970399,1
8738-JOKAR,0.04778991338057098,0
5552-ZNFSJ,0.5556237207158888,1
1679-JRFBR,0.11428711304067848,0
7786-WBJYI,0.5619906590553467,1
6551-GNYDG,0.5348749099338787,1
4484-GLZOU,0.4749581444770771,0
0094-OIFMO,0.7863639912094392,1
8083-YTZES,0.7032768157938025,1
5321-NTRKC,0.0276938499387301,0
3376-BMGFE,0.6696090693541068,1
9591-YVTEB,0.12229155861748148,0
3756-VNWDH,0.23407258788455854,0
0420-TXVSG,0.01611848811082865,0
8680-CGLTP,0.09575441986546673,0
8433-WPJTV,0.15407494653105833,0
9357-UJRUN,0.11260997722938453,0
9625-RZFUK,0.0013195551901658057,0
2845-KDHVX,0.02032251378758627,0
4918-QLLIW,0.5095777502133136,1
2001-MCUUW,0.14164764376586617,0
9103-CXVOK,0.20968067635784682,0
8372-JUXUI,0.669584310751623,1
5787-KXGIY,0.0010132374484264,0
5119-KEPFY,0.5099901742246994,1
0661-KQHNK,0.0698724068555803,0
7234-KMNRQ,0.1636877839352582,0
3486-NPGST,0.012725817007006382,0
5393-RXQSZ,0.6618990760492363,1
3359-DSRKA,0.002703573141835662,0
4588-YBNIB,0.2622872253803234,0
0106-GHRQR,0.40940550973923745,0
5090-EMGTC,0.12049841437765849,0
4083-BFNYK,0.16565166533015122,0
4106-HADHQ,0.0385619628666306,0
4323-OHFOW,0.1882731345751361,0
9137-NOQKA,0.31330540024958076,0
0731-EBJQB,0.008333479776482215,0
2164-SOQXL,0.05014029145125066,0
9135-MGVPY,0.020202995192624744,0
0804-XBFBV,0.39698469480491005,0
5153-LXKDT,0.10335578207255262,0
6347-DCUIK,0.5701877109854978,1
5236-PERKL,0.14378835956673275,0
1866-RZZQS,0.5967077086202291,1
5937-EORGB,0.5914140271150438,1
3807-BPOMJ,0.20367941453987637,0
6340-DACFT,0.0033509197864117924,0
7527-QNRUS,0.03457602853670208,0
9359-UGBTK,0.021718004896986075,0
2192-OZITF,0.021453700690126316,0
7670-ZBPOQ,0.022519225665197946,0
5555-RNPGT,0.09420686225715308,0
5692-ICXLW,0.6370848052124941,1
5103-MHMHY,0.3837542292213904,0
2782-LFZVW,0.43756099213836913,0
3985-HOYPM,0.025018143112442784,0
7130-YXBRO,0.3324706500990224,0
4680-KUTAJ,0.4714019457758541,0
9992-UJOEL,0.5352477733202801,1
7273-TEFQD,0.7173291195122243,1
9477-LGWQI,0.0209621841264032,0
2243-FNMMI,0.06635725277520865,0
7502-BNYGS,0.21540498046428713,0
9133-AYJZG,0.5719129972148856,1
8197-BFWVU,0.019820664232436818,0
7860-UXCRM,0.009471273858436467,0
2135-DQWAQ,0.6580302038117533,1
0334-GDDSO,0.7639543633826322,1
7244-QWYHG,0.03576199700623801,0
5236-XMZJY,0.07453469123295549,0
2332-TODQS,0.007082566556702861,0
1334-PDUKM,0.05771800034074095,0
9114-VEPUF,0.09638665746705738,0
8573-JGCZW,0.07745614970494753,0
7727-SHVZV,0.1462705868998206,0
4597-NUCQV,0.712107705828629,1
4693-VWVBO,0.23757173110821145,0
4544-RXFMG,0.26220140311697354,0
1020-JPQOW,0.15317731746302207,0
0042-JVWOJ,0.04401151481603668,0
3419-SNJJD,0.21719233837552,0
3847-BAERP,0.1679473113610223,0
2990-IAJSV,0.01732959991875391,0
5313-FPXWG,0.010051025214507731,0
1866-OBPNR,0.5006494138761854,1
7255-SSFBC,0.0888826384065753,0
5268-DSMNQ,0.20104494056345434,0
1875-QIVME,0.643897276202911,1
9534-NSXEM,0.041343417857886255,0
1530-ZTDOZ,0.06746010348188722,0
0870-VEMYL,0.22625365394973282,0
6474-FVJLC,0.725539388446181,1
4660-IRIBM,0.3321599868252662,0
6994-FGRHH,0.13606978713826517,0
5954-BDFSG,0.09893489347649441,0
0761-AETCS,0.26182384342228976,0
1309-XGFSN,0.13673118815999696,0
9761-XUJWD,0.4563340030135601,0
7365-BVCJH,0.7063120845188003,1
8816-VXNZD,0.7276329669202547,1
2200-DSAAL,0.05887470025369299,0
1608-GMEWB,0.5181229794317251,1
6094-ZIVKX,0.015179842784934533,0
4495-LHSSK,0.13351197417397737,0
6661-EIPZC,0.0502348293351605,0
0880-TKATG,0.5600628230128438,1
0575-CUQOV,0.30982125759878587,0
2925-MXLSX,0.17397963854687995,0
4256-ZWTZI,0.33500134593938813,0
7483-IQWIB,0.41408806615857374,0
3166-PNEOF,0.018060940876536494,0
3646-ITDGM,0.0032166957957064585,0
6701-YVNQG,0.02069060106338683,0
6652-YFFJO,0.608413938350672,1
9805-FILKB,0.009410422177262972,0
1934-SJVJK,0.18987595534099164,0
6323-AYBRX,0.002169474893432671,0
8111-BKVDS,0.28036556708867766,0
7196-LIWRH,0.06187136056873904,0
5208-HFSBT,0.4491521699536465,0
9867-NNXLC,0.08612369424812708,0
4737-HOBAX,0.024917548234432176,0
3707-LRWZD,0.3013749792037777,0
5628-RKIFK,0.29284492297294257,0
0744-BIKKF,0.015252179198863933,0
0997-YTLNY,0.14482124272297733,0
6928-ONTRW,0.000786029146491473,0
1200-TUZHR,0.668343979819203,1
8414-OOEEL,0.02515574928276168,0
6230-BSUXY,0.771927855041724,1
8709-KRDVL,0.5907407132528236,1
4584-LBNMK,0.01209840217441937,0
5227-JSCFE,0.005329352793619615,0
0835-DUUIQ,0.02617696305902151,0
1481-ZUWZA,0.35517869891670223,0
5141-ZUVBH,0.24113609569203032,0
0607-MVMGC,0.07092286278307765,0
7409-JURKQ,0.20029729834600227,0
6227-FBDXH,0.12300788318356888,0
7480-QNVZJ,0.5451289881206973,1
5939-XAIXZ,0.29676711571836045,0
7682-AZNDK,0.4392365619139226,0
0813-TAXXS,0.07647171002483226,0
6618-RYATB,0.6013909625393824,1
9046-DQMTP,0.032252042529021564,0
2874-YXVVA,0.4709609079106309,0
2746-DIJLO,0.09587474014395232,0
7016-BPGEU,0.2375940941845984,0
2097-YVPKN,0.0016871250681304126,0
9926-PJHDQ,0.030409584023622434,0
5153-RTHKF,0.42162798988744793,0
0607-DAAHE,0.0030123347074159004,0
9462-MJUAW,0.40479371052196755,0
6295-OSINB,0.12298139985977655,0
3387-PLKUI,0.07672296093606792,0
4526-EXKKN,0.01150370051491428,0
2898-LSJGD,0.18748302766389915,0
1768-ZAIFU,0.7655689154180693,1
6837-HAEVO,0.14311471178762858,0
2187-LZGPL,0.5590697231385827,1
2634-HCZGT,0.04769771619504938,0
5442-PPTJY,0.03289174624627407,0
0318-ZOPWS,0.007718615876577565,0
8945-GRKHX,0.5981496803251585,1
3521-MNKLV,0.25215506522549436,0
8780-IXSTS,0.7262270573071522,1
3339-EAQNV,0.22009297576462247,0
7633-MVPUY,0.021946959807700915,0
8650-RHRKE,0.6280816980581408,1
5959-BELXA,0.5796861382251546,1
5970-GHJAW,0.004093454628078804,0
3283-WCWXT,0.04473684995043195,0
6988-CJEYV,0.39293869805568704,0
2486-WYVVE,0.13135183025404246,0
9411-TPQQV,0.07514114483518707,0
4937-QPZPO,0.20707540720682688,0
2876-GZYZC,0.6612329105654244,1
2877-VDUER,0.048652745135658954,0
5175-AOBHI,0.5179878195218777,1
3727-OVPRY,0.0027751751745760615,0
6164-HAQTX,0.006932042187604469,0
9722-UJOJR,0.4031005525107594,0
9272-LSVYH,0.4711517767766793,0
6050-FFXES,0.07210844827825115,0
3148-BLQJT,0.189965702151903,0
3196-NVXLZ,0.49294609588501337,0
5392-AKEMH,0.5148770082707511,1
2770-NSVDG,0.25503065071505143,0
4833-QTJNO,0.11314589379009059,0
4942-VZZOM,0.03699996613237576,0
8799-OXZMD,0.21118884975738836,0
0508-OOLTO,0.6671221378193032,1
7079-QRCBC,0.6146268332346924,1
8661-BOYNW,0.01933842292786379,0
2612-RRIDN,0.7545738338225358,1
6974-DAFLI,0.006109074950884362,0
4074-SJFFA,0.5673318330914101,1
7740-BTPUX,0.243839220560307,0
9076-AXYIK,0.1226961066452131,0
9239-GZHZE,0.06956451049150511,0
6654-QGBZZ,0.19032501409943853,0
2267-FPIMA,0.2443590166299182,0
0354-WYROK,0.4601300882723022,0
7579-OOPEC,0.5372755058097501,1
9355-NPPFS,0.6216388120762804,1
0447-RXSGD,0.5964956109498121,1
1474-JUWSM,0.03660584662639957,0
7611-YKYTC,0.23194241629538312,0
4160-AMJTL,0.23707748257334368,0
6476-EPYZR,0.08068090787644518,0
1891-FZYSA,0.34623937630797635,0
3694-GLTJM,0.2310686439258945,0
6696-YDAYZ,0.024885204344981288,0
7816-VGHTO,0.10657144236134913,0
1810-BOHSY,0.13466133872278424,0
3814-MLAXC,0.29813042798114825,0
8654-DHAOW,0.42273261012524327,0
9897-KXHCM,0.6733593018901876,1
0771-CHWSK,0.020110013618404986,0
1078-TDCRN,0.7350397715386867,1
7325-ENZFI,0.0480219772071884,0
5445-UTODQ,0.7339754720247562,1
4626-OZDTJ,0.08195222062310017,0
0895-LNKRC,0.06410438356724082,0
5130-IEKQT,0.487078327220222,0
2452-SNHFZ,0.12802300794193056,0
7623-HKYRK,0.11376775184029624,0
1548-FEHVL,0.318269474429757,0
2428-ZMCTB,0.12737490526200326,0
8746-OQQRW,0.15533464442345057,0
0237-YFUTL,0.2599316134881829,0
4716-MRVEN,0.02074410776250922,0
4565-NLZBV,0.002087042922137372,0
3327-YBAKM,0.08784293987640464,0
5879-SESNB,0.5564684513034133,1
3132-TVFDZ,0.18514897117124457,0
3521-HTQTV,0.014239709720457325,0
4760-XOHVN,0.15087683929958345,0
1306-RPWXZ,0.0035314523774345277,0
2606-RMDHZ,0.5584524998897842,1
5605-IYGFG,0.6491462241151195,1
7549-MYGPK,0.18725549661176707,0
9102-IAYHT,0.5522035462264996,1
8740-CRYFY,0.7760243386863735,1
9822-OAOVB,0.6608749442752363,1
5533-NHFRF,0.6029749352136784,1
6736-DHUQI,0.03187582904272361,0
1784-EZDKJ,0.28036586142414394,0
7767-UXAGJ,0.6395983518608209,1
7294-TMAOP,0.7003437248273338,1
7660-HDPJV,0.7410589773785125,1
4913-EHYUI,0.1686681301493681,0
8292-FRFZQ,0.0331234081587137,0
1035-IPQPU,0.4592129667717446,0
6088-BXMRG,0.5147019536559913,1
1810-MVMAI,0.07876699464404935,0
4342-HFXWS,0.020505357491616357,0
5133-POWUA,0.5556392387448309,1
7613-LLQFO,0.6981916283144093,1
8695-ARGXZ,0.49964074281721876,0
6979-TNDEU,0.13164380517654367,0
4644-PIZRT,0.15694061589112285,0
2569-WGERO,0.001762170046513651,0
6900-PXRMS,0.5057687452627053,1
7929-SKFGK,0.05690363092659336,0
2472-OVKUP,0.6684493377383712,1
7854-EKTJL,0.2728381557474133,0
5014-WUQMG,0.13028741168098423,0
1976-AZZPJ,0.305061938229025,0
0434-CSFON,0.4649821746376895,0
2720-FVBQP,0.433733273463245,0
6447-EGDIV,0.018480034354488386,0
3933-DQPWX,0.01563382798483896,0
9107-UKCKY,0.10714484909159391,0
0071-NDAFP,0.01575268620397255,0
8066-POXGX,0.5553451384433018,1
7017-VFULY,0.21246426090329082,0
4334-HOWRP,0.016435234801980246,0
5619-PTMIK,0.07762855699495462,0
5848-FHRFC,0.001563852729574975,0
1112-CUNAO,0.6231852996994931,1
7693-QPEFS,0.3059191291627476,0
2519-FAKOD,0.401940657548207,0
4716-HHKQH,0.5514821491965405,1
1116-DXXDF,0.19666902832772112,0
5151-HQRDG,0.11519588567851893,0
0016-QLJIS,0.019726595382493307,0
8885-QSQBX,0.3798505843376759,0
2121-JAFOM,0.0740132656445316,0
5893-KCLGT,0.0011819959457795976,0
4808-YNLEU,0.11761496492296597,0
8580-AECUZ,0.8257999131481443,1
0576-WNXXC,0.5911395276757226,1
1098-KFQEC,0.0023731166836217484,0
7580-UGXNC,0.38567410836551463,0
7459-IMVYU,0.07766405208895892,0
5524-KHNJP,0.06426027966379223,0
3221-CJMSG,0.22567697697198077,0
5027-QPKTE,0.6884150330474721,1
6728-WYQBC,0.22134525367090083,0
5146-YYFRZ,0.001625211242274962,0
8267-KFGYD,0.2081485479281479,0
7354-OIJLX,0.6677362064931904,1
1268-ASBGA,0.630450995307127,1
4759-TRPLW,0.6518530527753387,1
1060-ENTOF,0.09032921028805571,0
9667-TKTVZ,0.4249094160081017,0
4558-FANTW,0.28663002235142737,0
9435-JMLSX,0.02268950486505099,0
5134-IKDAY,0.6812210993885982,1
7729-XBTWX,0.0016483616279886597,0
9139-TWBAS,0.1020939193478506,0
1043-YCUTE,0.004622110296551201,0
8510-AWCXC,0.6661507091422556,1
4080-IIARD,0.3340164572502624,0
4912-PIGUY,0.7643592489808316,1
5669-SRAIP,0.5291744884488897,1
5022-KVDQT,0.4845143837616567,0
1980-KXVPM,0.7160344696373333,1
1032-MAELW,0.020804730635217223,0
1936-UAFEH,0.049367209193454185,0
5334-JLAXU,0.16944539053156424,0
4129-LYCOI,0.11684676131108847,0
9167-APMXZ,0.5676186320399998,1
5364-EVNIB,0.5948483733712648,1
3755-JBMNH,0.636315692788673,1
5044-LRQAQ,0.64681920235852,1
7153-CHRBV,0.012416832160484783,0
6137-NICCO,0.5304175941342155,1
2307-FYNNL,0.12961366241631564,0
4868-AADLV,0.16246962654218727,0
0186-CAERR,0.11657022746786483,0
6651-RLGGM,0.0011070689723853338,0
2834-JKOOW,0.07778738456632939,0
4115-NZRKS,0.7995024870645829,1
1612-EOHDH,0.5560557662167427,1
7596-IIWYC,0.030630040363115573,0
0432-CAJZV,0.5906206912600452,1
7803-XOCCZ,0.09302805213309782,0
6284-KMNUF,0.18561447127648179,0
0191-EQUUH,0.0349282605212219,0
3891-NLXJB,0.02968105850116873,0
2632-IVXVF,0.03596201401419486,0
5550-VFRLC,0.7956211871988519,1
8398-TBIYD,0.031646935851540624,0
9851-KIELU,0.47024734070667396,0
8138-EALND,0.08852443355704084,0
9314-QDMDW,0.43309827956982505,0
1205-WNWPJ,0.4295638217460942,0
6919-ELBGL,0.08069494684084103,0
5804-JMYIO,0.005941055373228445,0
1335-MXCSE,0.01748704448261091,0
9825-YCXWZ,0.2808576599742657,0
6917-IAYHD,0.3341491682928837,0
0269-XFESX,0.02226549178605371,0
2725-IWWBA,0.013479350804485698,0
5701-SVCWR,0.14420142025662597,0
1910-FMXJM,0.3691614686457406,0
0725-CXOTM,0.08790488057683887,0
9136-ALYBR,0.6159911637817419,1
8313-NDOIA,0.6144646025020588,1
9945-PSVIP,0.02082405595178863,0
7009-PCARS,0.0035477390391836137,0
0406-BPDVR,0.30169882126293146,0
0533-BNWKF,0.358564739246692,0
4398-HSCJH,0.5595997473330908,1
7669-LCRSD,0.39860910184476195,0
2294-SALNE,0.11044612908265952,0
1925-GMVBW,0.16498870049848144,0
4957-TIALW,0.05978830923806801,0
8603-IJWDN,0.731134638658979,1
5456-ITGIC,0.01728843013671664,0
0722-SVSFK,0.6225263404538416,1
6769-DYBQN,0.2733125881321027,0
3167-SNQPL,0.45214696372753055,0
3470-OBUET,0.00875683899461138,0
5649-TJHOV,0.30215240015332256,0
8190-ZTQFB,0.15584257020950246,0
9253-VIFJQ,0.014920677879901896,0
0603-TPMIB,0.0018646059762484947,0
0219-QAERP,0.020929701814494425,0
6402-EJMWF,0.5330485278898011,1
4083-EUGRJ,0.12323675723975701,0
7785-RDVIG,0.13522674205760732,0
2511-ALLCS,0.009474624154965531,0
6582-PLFUU,0.003177890721052268,0
1395-WSWXR,0.020270475061752488,0
3209-ZPKFI,0.08909572643518575,0
4128-ETESU,0.4485641880932605,0
1833-VGRUM,0.7872449138597033,1
1137-DGOWI,0.08852563664221463,0
5419-JKZNQ,0.3572991108113249,0
0754-UKWQP,0.742255827794361,1
5124-EOGYE,0.013195132095954196,0
6161-UUUTA,0.8155986315221246,1
3758-CKOQL,0.07724835673507957,0
9866-QEVEE,0.5444032510883543,1
8314-HTWVE,0.044303752765022894,0
3126-WQMGH,0.1125047349226556,0
3898-GUYTS,0.34317531785172517,0
5312-IRCFR,0.13206523179573404,0
8180-AKMJV,0.5814578467693353,1
7599-FKVXZ,0.3726516310095643,0
1955-IBMMB,0.0041331656428846095,0
0212-ISBBF,0.5044846025321078,1
1698-XFZCI,0.18882183549270423,0
3976-BWUCK,0.39249694348817754,0
9129-UXERG,0.5785858940791709,1
2806-MLNTI,0.3233532184665953,0
0178-CIIKR,0.17125741327136162,0
9025-ZRPVR,0.17760381092687072,0
8992-VONJD,0.3196843529453124,0
1525-LNLOJ,0.026049992645111136,0
2533-TIBIX,0.27800056747199614,0
6376-GAHQE,0.6750773056334662,1
0156-FVPTA,0.20946375568094522,0
6134-KWTBV,0.0023758246440311044,0
1024-KPRBB,0.2857501002858171,0
1498-DQNRX,0.03793705066011581,0
8626-PTQGE,0.016667301978670643,0
8774-GSBUN,0.0010869246577313004,0
2805-AUFQN,0.02073965578387181,0
0516-WJVXC,0.28966509666119833,0
0975-UYDTX,0.11065555075450602,0
6023-GSSXW,0.024418074575877476,0
4024-CSNBY,0.035178598168259516,0
2321-OMBXY,0.0444604041166419,0
8189-HBVRW,0.15903645083549817,0
3373-YZZYM,0.15125088476058104,0
7109-MFBYV,0.2608446328831656,0
0516-VRYBW,0.03793090402916301,0
3878-AVSOQ,0.7929524145245015,1
5223-UZAVK,0.14850649113592992,0
8404-GFGCZ,0.5112174857367698,1
4625-XMOYM,0.0016341971787232773,0
3424-NMNBO,0.2595735112454218,0
6693-FRIRW,0.4704869811112128,0
7130-CTCUS,0.3704973062343515,0
8630-FJLIB,0.5865724328303832,1
1265-HVPZB,0.026451400398952076,0
1247-QBVSH,0.07154705002518545,0
0508-SQWPL,0.0034293069498332793,0
2139-FQHLM,0.3195027006505519,0
6999-CHVCF,0.08047390303846867,0
2800-QQUSO,0.4326623360584731,0
4374-YMUSQ,0.1252602194099271,0
8495-PRWFH,0.17233259838431003,0
9540-JYROE,0.58755676845485,1
9185-TQCVP,0.6384849602220809,1
4361-JEIVL,0.5888260138384506,1
3956-CJUST,0.4423603846171922,0
7696-AMHOD,0.06010879389481924,0
7009-LGECI,0.44452280704963165,0
1265-BCFEO,0.031107187338939368,0
4132-KALRO,0.5681704017349286,1
5248-KWLAR,0.015150863631363446,0
5908-QMGOE,0.6167270448728098,1
2450-ZKEED,0.16045636646205513,0
2138-VFAPZ,0.042505001982885864,0
0328-GRPMV,0.7390390220922637,1
4893-GYUJU,0.008436193701923679,0
4936-YPJNK,0.1664769972777184,0
3488-PGMQJ,0.7445254168394985,1
9795-NREXC,0.025582248597571598,0
7643-RCHXS,0.001972990324430078,0
6416-JNVRK,0.06130890657792682,0
9067-YGSCA,0.0019483298517051803,0
8590-OHDIW,0.008744570025943404,0
9912-OMZDS,0.2241155246189508,0
4813-HQMGZ,0.5924785822240907,1
7268-WNTCP,0.0017394169361597271,0
9909-DFRJA,0.16853481643770343,0
2668-TZSPS,0.1893381561725154,0
4223-WOZCM,0.47976834690580905,0
1285-OKIPP,0.6611153684261862,1
9108-EJFJP,0.42416916452059966,0
4415-IJZTP,0.7290180438048176,1
9258-CNWAC,0.039345931043494854,0
4707-YNOQA,0.019436877249167057,0
1241-FPMOF,0.003477891457342024,0
7923-IYJWY,0.11129322233112057,0
7605-BDWDC,0.06037790728262163,0
9906-NHHVC,0.04859445788414585,0
6786-OBWQR,0.6843760625649923,1
6599-SFQVE,0.6088893491904536,1
7560-QRBXH,0.004637334512489611,0
6576-FBXOJ,0.21254000766322767,0
2908-WGAXL,0.0037313233305383228,0
4163-HFTUK,0.007730225532617774,0
0906-QVPMS,0.05717613764617779,0
0347-UBKUZ,0.08871858532825572,0
5443-SCMKX,0.20537947648455096,0
1221-GHZEP,0.013199579144550829,0
6349-JDHQP,0.003571931613008425,0
6653-CBBOM,0.7385887614310302,1
4385-ZKVNW,0.09256741691904521,0
4459-BBGHE,0.3306522981562929,0
6635-MYYYZ,0.07489010370975127,0
2082-CEFLT,0.6525359262005904,1
5989-AXPUC,0.05089809192303477,0
4958-XCBDQ,0.6140755257040115,1
6586-MYGKD,0.018719462341927815,0
4026-SKKHW,0.4232994866347565,0
1845-ZLLIG,0.548824031178915,1
5207-PLSTK,0.3640195615270485,0
2273-QCKXA,0.3525551439309122,0
0565-JUPYD,0.057826682668902854,0
0827-ITJPH,0.01578868207697803,0
2885-HIJDH,0.013734737471760551,0
4811-JBUVU,0.3541521852892401,0
7777-UNYHB,0.1258322638641239,0
7675-OZCZG,0.6070536540061721,1
9717-QEBGU,0.7311808182198022,1
3563-SVYLG,0.0048704443795620535,0
3537-RYBHH,0.11667491752878432,0
1167-OYZJF,0.003270878201376788,0
2840-XANRC,0.6826356998284413,1
3069-SSVSN,0.3575204862596219,0
0945-TSONX,0.03904115658496991,0
7606-BPHHN,0.0016405213167352307,0
0036-IHMOT,0.14299473488959025,0
5519-YLDGW,0.5222019707107479,1
3791-LGQCY,0.44534087117704524,0
8676-OOQEJ,0.4589201998447301,0
1004-NOZNR,0.10557803305934829,0
1571-SAVHK,0.5124544552153648,1
3845-FXCYS,0.3322542587356926,0
0254-FNMCI,0.077780697737225,0
4323-SADQS,0.3333997758790103,0
8016-NCFVO,0.34819888952329975,0
9840-DVNDC,0.6742462783127531,1
9300-RENDD,0.7739900105381482,1
3525-DVKFN,0.03195910027632687,0
4395-PZMSN,0.7707265450400491,1
0723-FDLAY,0.10860919010520934,0
6388-TABGU,0.013537752139240149,0
8084-OIVBS,0.06170848442232253,0
9031-ZVQPT,0.1315881907818002,0
6345-HOVES,0.20538192105265882,0
8450-JOVAH,0.24841833211102782,0
2761-XECQW,0.5674550842707312,1
0254-KCJGT,0.03871845766260877,0
5146-CBVOE,0.45971091138470044,0
1360-XFJMR,0.14644253853886424,0
6992-TKNYO,0.05665626662392059,0
9388-ZEYVT,0.05139519879487579,0
2860-RANUS,0.5996641434902997,1
5498-TXHLF,0.3202806844339827,0
9705-IOVQQ,0.19491630638661983,0
8224-KDLKN,0.0009779920948306063,0
2468-SJFLM,0.5509435147424955,1
4816-LXZYW,0.5276650916406553,1
0440-UEDAI,0.12384959480604274,0
0310-SUCIN,0.031673892871541244,0
9798-OPFEM,0.011390788375059384,0
3717-OEAUQ,0.5433963946239373,1
7159-FVYPK,0.5035170667404225,1
1624-NALOJ,0.7695432157846689,1
2907-ILJBN,0.04726636735848183,0
1891-UAWWU,0.5966191008889531,1
2674-MIAHT,0.6076846851471109,1
8908-SLFCJ,0.03979373980819914,0
3842-QTGDL,0.3451840356336981,0
1352-HNSAW,0.060390737826920206,0
0117-LFRMW,0.061733756791594145,0
3452-ABWRL,0.40086345583245964,0
7815-PDTHL,0.015183238573309086,0
4114-QMKVN,0.024265569729503233,0
7241-AJHFS,0.16633795109317948,0
3160-TYXLT,0.07726775729416399,0
7693-LCKZL,0.6258669838543467,1
2867-UIMSS,0.6595453033752006,1
0052-DCKON,0.09631275570199205,0
6096-EGVTU,0.001858839746357018,0
6828-HMKWP,0.039414432244980924,0
3258-SYSWS,0.06229432667178664,0
8782-LKFPK,0.30686018310645463,0
5519-TEEUH,0.018262888274392937,0
0853-TWRVK,0.03362302603225245,0
9766-HGEDE,0.042793158785645734,0
2675-OTVVJ,0.4169274687417851,0
5949-EBSQK,0.28204086761568714,0
7548-SEPYI,0.7543173357130577,1
2878-RMWXY,0.08783337232825326,0
3982-JGSFD,0.02136941839531367,0
1855-CFULU,0.21082712329364484,0
6608-QQLVK,0.6125305825847835,1
7080-TNUWP,0.14001751369552778,0
1459-QNFQT,0.006740195822918593,0
9269-CQOOL,0.5345776977983541,1
7175-NTIXE,0.2192480713545773,0
6432-TWQLB,0.5891470229173892,1
8739-XNIKG,0.7414598072695033,1
0319-QZTCO,0.5281545801904008,1
7054-LGEQW,0.4530009484510915,0
9972-VAFJJ,0.22255512616569315,0
6029-WTIPC,0.6082548652908033,1
1216-JWVUX,0.4577461015107368,0
9135-HSWOC,0.002258887398241359,0
8947-YRTDV,0.09969163922129375,0
5311-IHLEI,0.33365865339749096,0
5935-FCCNB,0.7471219217897951,1
3411-WLRSQ,0.7421028714952007,1
8218-FFJDS,0.023696379830747804,0
4030-VPZBD,0.5887562748640837,1
3272-VUHPV,0.24979967729674324,0
5052-PNLOS,0.6792207185050604,1
4510-PYUSH,0.1675179063419046,0
3838-OZURD,0.3278049692324776,0
3500-NSDOA,0.011446203806411613,0
8217-QYOHV,0.2829942676481365,0
4647-MUZON,0.5769858713032947,1
7032-LMBHI,0.07316427231719162,0
9066-QRSDU,0.004114939615401814,0
3865-ZFZIB,0.027646197627280388,0
5197-YPYBZ,0.033895572429657114,0
6369-MCAKO,0.02193734002892862,0
3511-BFTJW,0.0033143089814075505,0
3551-GAEGL,0.04045277227465794,0
4176-RELJR,0.0022215661652596175,0
9481-SFCQY,0.3703071873239601,0
8429-XIBUM,0.49741138927414863,0
4989-LIXVT,0.3250117005477945,0
3323-CPBWR,0.3917661553874126,0
0931-MHTEM,0.16330121386746319,0
9150-HEPMB,0.016520182882312537,0
1728-CXQBE,0.34993292103801354,0
0580-PIQHM,0.12476323652840444,0
9236-NDUCW,0.048372966496773015,0
7426-RHZGU,0.5927125373287904,1
0464-WJTKO,0.000908978491085826,0
8464-EETCQ,0.0027598789339020467,0
1735-XMJVH,0.14614547022632676,0
1752-OZXFY,0.033028620321979923,0
8069-RHUXK,0.003331194803977739,0
7074-IEVOJ,0.7657532638884386,1
3914-FDRHP,0.5262460322160112,1
5681-LLOEI,0.06921078482085499,0
4560-WQAQW,0.01960146312610071,0
9643-YBLUR,0.4493010581986376,0
5419-KLXBN,0.45583476420738767,0
0248-IPDFW,0.6405390775860855,1
7762-URZQH,0.09555988811464308,0
3071-VBYPO,0.4776724828024736,0
8443-ZRDBZ,0.7043030041483983,1
5054-IEXZT,0.6721283376283598,1
5360-LJCNJ,0.15032260701400668,0
2144-ESWKO,0.04053698311537624,0
0112-QAWRZ,0.5122928305070682,1
7302-ZHMHP,0.1916770631105367,0
0419-YAAPX,0.3486853305109502,0
0030-FNXPP,0.17137559463376073,0
5299-SJCZT,0.6816280876821933,1
6080-TCMYC,0.3077107353852377,0
5568-DMXZS,0.5161450705208588,1
6583-QGCSI,0.48266903639133435,0
2951-QOQTK,0.35996433004814865,0
4472-LVYGI,0.18180523854666053,0
8884-ADFVN,0.7636984130364004,1
4826-XTSOH,0.8138259003279876,1
6061-GWWAV,0.03850941840704831,0
3865-YIOTT,0.10717172833961892,0
6599-RCLCJ,0.3987174643509292,0
3635-JBPSG,0.2254140052204793,0
2169-RRLFW,0.001333895909139792,0
5795-KTGUD,0.11469534135622385,0
7632-MNYOY,0.14712269163149383,0
1568-BEKZM,0.02173119989441566,0
5229-DTFYB,0.19101190011257904,0
3223-WZWJM,0.5590166146814127,1
2054-PJOCK,0.038465827784597784,0
6313-GIDIT,0.22045546960508558,0
1658-TJVOA,0.6595902457054649,1
0864-FVJNJ,0.07661946904955112,0
4786-UKSNZ,0.1897862409957868,0
7131-ZQZNK,0.009551776729646213,0
1427-VERSM,0.3315984589275189,0
4753-PADAS,0.18673877289641735,0
4581-SSPWD,0.712889509090009,1
2832-SCUCO,0.24996123248582305,0
8837-VVWLQ,0.516620100475544,1
1093-YSWCA,0.049874947989920794,0
4006-HKYHO,0.028302865779364264,0
2308-STERM,0.18311359158418433,0
3988-RQIXO,0.8271728778165283,1
9052-DHNKM,0.10513698848396424,0
4439-YRNVD,0.37085001996165373,0
7296-PIXQY,0.4647600375714445,0
9732-OUYRN,0.006283955581536277,0
2061-VVFST,0.02927076652396665,0
1064-FBXNK,0.09331597806029701,0
3751-KTZEL,0.52261517648276,1
6103-LIANB,0.11781984468079106,0
2750-BJLSB,0.1617757105103365,0
5514-YQENT,0.1200661898960999,0
0665-XHDJU,0.17553799279301407,0
5688-KZTSN,0.13985647838704995,0
9286-BHDQG,0.002494020081461191,0
9210-IAHGH,0.4598340511315988,0
0616-ATFGB,0.6845847162285695,1
3319-DWOEP,0.7791787049361228,1
9112-WSNPU,0.3947783983433867,0
9637-EIHEQ,0.5464732412550183,1
7570-WELNY,0.04982312556918857,0
0687-ZVTHB,0.014423777092377547,0
5458-CQJTA,0.018617951613532698,0
7005-CYUIL,0.08895075616206759,0
7789-HKSBS,0.29656425672254205,0
1545-JFUML,0.08812789814089404,0
3249-ZPQRG,0.6122912988633158,1
8838-GPHZP,0.0026414453030246493,0
9386-LDCZR,0.08737660294536281,0
3896-RCYYE,0.04905462105281431,0
0872-JCPIB,0.2315589354800115,0
9572-MTILT,0.20908116327484152,0
1622-HSHSF,0.26240011230091576,0
0365-GXEZS,0.3675627549760316,0
6840-RESVB,0.08121069427238792,0
9170-GYZJC,0.050086544683679825,0
6728-DKUCO,0.11749594392939346,0
2434-EEVDB,0.06868698378599077,0
4381-MHQDC,0.019012117180189244,0
2792-LSHWX,0.415704900836773,0
6619-RPLQZ,0.004035940716857,0
5046-NUHWD,0.2773846266618018,0
6341-AEVKX,0.13569826694205564,0
0003-MKNFE,0.3647681260435432,0
0098-BOWSO,0.09218557414669921,0
8242-JSVBO,0.533098418341189,1
7225-CBZPL,0.741716089505685,1
5883-GTGVD,0.6746969570932272,1
1209-VFFOC,0.006852077790519284,0
5985-TBABQ,0.0849399578116883,0
2639-UGMAZ,0.04546934083634646,0
4581-LNWUM,0.4820795950303048,0
2984-MIIZL,0.6381460717561662,1
5233-GEEAX,0.6453818132201236,1
